Contract Id,servicer name,date,Dignosis
OC-2024-2827308, ,6/26/2024,testing
OC-2024-2827307, ,6/26/2024,testing
OC-2024-2827306, ,6/26/2024,testing
OC-2024-2827305, ,6/26/2024,testing
OC-2024-2827304, ,6/26/2024,testing
OC-2024-2827303, ,6/26/2024,testing
OC-2024-2827302, ,6/26/2024,testing
OC-2024-2827301, ,6/26/2024,testing
OC-2024-2827300, ,6/26/2024,testing
OC-2024-2827299, ,6/26/2024,testing
OC-2024-2827298, ,6/26/2024,testing
OC-2024-2827297, ,6/26/2024,testing
OC-2024-2827296, ,6/26/2024,testing
OC-2024-2827295, ,6/26/2024,testing
OC-2024-2827294, ,6/26/2024,testing
OC-2024-2827293, ,6/26/2024,testing
OC-2024-2827292, ,6/26/2024,testing
OC-2024-2827291, ,6/26/2024,testing
OC-2024-2827290, ,6/26/2024,testing
OC-2024-2827289, ,6/26/2024,testing
OC-2024-2827288, ,6/26/2024,testing
OC-2024-2827287, ,6/26/2024,testing
OC-2024-2827286, ,6/26/2024,testing
OC-2024-2827285, ,6/26/2024,testing
OC-2024-2827284, ,6/26/2024,testing
OC-2024-2827283, ,6/26/2024,testing
OC-2024-2827282, ,6/26/2024,testing
OC-2024-2827281, ,6/26/2024,testing
OC-2024-2827280, ,6/26/2024,testing
OC-2024-2827279, ,6/26/2024,testing
OC-2024-2827278, ,6/26/2024,testing
OC-2024-2827277, ,6/26/2024,testing
OC-2024-2827276, ,6/26/2024,testing
OC-2024-2827275, ,6/26/2024,testing
OC-2024-2827274, ,6/26/2024,testing
OC-2024-2827273, ,6/26/2024,testing
OC-2024-2827272, ,6/26/2024,testing
OC-2024-2827271, ,6/26/2024,testing
OC-2024-2827270, ,6/26/2024,testing
OC-2024-2827269, ,6/26/2024,testing
OC-2024-2827268, ,6/26/2024,testing
OC-2024-2827267, ,6/26/2024,testing
OC-2024-2827266, ,6/26/2024,testing
OC-2024-2827265, ,6/26/2024,testing
OC-2024-2827264, ,6/26/2024,testing
OC-2024-2827263, ,6/26/2024,testing
OC-2024-2827262, ,6/26/2024,testing
OC-2024-2827261, ,6/26/2024,testing
OC-2024-2827260, ,6/26/2024,testing
OC-2024-2827259, ,6/26/2024,testing
OC-2024-2827258, ,6/26/2024,testing
OC-2024-2827257, ,6/26/2024,testing
OC-2024-2827256, ,6/26/2024,testing
OC-2024-2827255, ,6/26/2024,testing
OC-2024-2827254, ,6/26/2024,testing
OC-2024-2827253, ,6/26/2024,testing
OC-2024-2827252, ,6/26/2024,testing
OC-2024-2827251, ,6/26/2024,testing
OC-2024-2827250, ,6/26/2024,testing
OC-2024-2827249, ,6/26/2024,testing
OC-2024-2827248, ,6/26/2024,testing
OC-2024-2827247, ,6/26/2024,testing
OC-2024-2827246, ,6/26/2024,testing
OC-2024-2827245, ,6/26/2024,testing
OC-2024-2827244, ,6/26/2024,testing
OC-2024-2827243, ,6/26/2024,testing
OC-2024-2827242, ,6/26/2024,testing
OC-2024-2827241, ,6/26/2024,testing
OC-2024-2827240, ,6/26/2024,testing
OC-2024-2827239, ,6/26/2024,testing
OC-2024-2827238, ,6/26/2024,testing
OC-2024-2827237, ,6/26/2024,testing
OC-2024-2827236, ,6/26/2024,testing
OC-2024-2827235, ,6/26/2024,testing
OC-2024-2827234, ,6/26/2024,testing
OC-2024-2827233, ,6/26/2024,testing
OC-2024-2827232, ,6/26/2024,testing
OC-2024-2827231, ,6/26/2024,testing
OC-2024-2827230, ,6/26/2024,testing
OC-2024-2827229, ,6/26/2024,testing
OC-2024-2827228, ,6/26/2024,testing
OC-2024-2827227, ,6/26/2024,testing
OC-2024-2827226, ,6/26/2024,testing
OC-2024-2827225, ,6/26/2024,testing
OC-2024-2827224, ,6/26/2024,testing
OC-2024-2827223, ,6/26/2024,testing
OC-2024-2827222, ,6/26/2024,testing
OC-2024-2827221, ,6/26/2024,testing
OC-2024-2827220, ,6/26/2024,testing
OC-2024-2827219, ,6/26/2024,testing
OC-2024-2827218, ,6/26/2024,testing
OC-2024-2827217, ,6/26/2024,testing
OC-2024-2827216, ,6/26/2024,testing
OC-2024-2827215, ,6/26/2024,testing
OC-2024-2827214, ,6/26/2024,testing
OC-2024-2827213, ,6/26/2024,testing
OC-2024-2827212, ,6/26/2024,testing
OC-2024-2827211, ,6/26/2024,testing
OC-2024-2827210, ,6/26/2024,testing
OC-2024-2827209, ,6/26/2024,testing
